ticker,asset_size,kind,source_currency
VGK,37858430976.0,aum,USD
IEUR,8644286464.0,aum,USD
FEZ,4349350400.0,aum,USD
SAP,188629172224.0,marketcap,USD
ASML,674898247680.0,marketcap,USD
SIE.DE,207656878080.0,marketcap,EUR
ALV.DE,161993162752.0,marketcap,EUR
NESN.SW,207500967936.0,marketcap,CHF
NOVO-B.CO,1417967566848.0,marketcap,DKK
MC.PA,227663921152.0,marketcap,EUR
AZN.L,196496113664.0,marketcap,GBp
SHEL.L,182917857280.0,marketcap,GBp
NOVN.SW,241200726016.0,marketcap,CHF
HSBA.L,266277404672.0,marketcap,GBp
RMS.PA,172087508992.0,marketcap,EUR
ULVR.L,98519638016.0,marketcap,GBp
OR.PA,199489994752.0,marketcap,EUR
TTE.PA,168519909376.0,marketcap,EUR
SAN.PA,90999128064.0,marketcap,EUR
AIR.PA,162208350208.0,marketcap,EUR
SU.PA,151098245120.0,marketcap,EUR
DTE.DE,127675416576.0,marketcap,EUR
MBG.DE,42864459776.0,marketcap,EUR
BMW.DE,34161709056.0,marketcap,EUR
VOW3.DE,35822559232.0,marketcap,EUR
PRX.AS,78316339200.0,marketcap,EUR
ADYEN.AS,25260890112.0,marketcap,EUR
DGE.L,34743513088.0,marketcap,GBp
BP.L,84732092416.0,marketcap,GBp
GLEN.L,62960947200.0,marketcap,GBp
REL.L,44856176640.0,marketcap,GBp
BATS.L,98643730432.0,marketcap,GBp
RIO.L,111707267072.0,marketcap,GBp
ITX.MC,169553952768.0,marketcap,EUR
UBSG.SW,138683940864.0,marketcap,CHF
RR.L,117022023680.0,marketcap,GBp
ABBN.SW,145181310976.0,marketcap,CHF
CFR.SW,113501872128.0,marketcap,CHF
INVE-B.ST,1236134395904.0,marketcap,SEK
EL.PA,75143225344.0,marketcap,EUR
SAF.PA,136673787904.0,marketcap,EUR
IBE.MC,141537329152.0,marketcap,EUR
ABI.BR,138378149888.0,marketcap,EUR
SAN.MC,171243126784.0,marketcap,EUR
ZURN.SW,93057048576.0,marketcap,CHF
AI.PA,112243589120.0,marketcap,EUR
BNP.PA,116088315904.0,marketcap,EUR
ATCO-A.ST,994750693376.0,marketcap,SEK
RACE.MI,55941775360.0,marketcap,EUR
CS.PA,91201544192.0,marketcap,EUR
ENEL.MI,98508234752.0,marketcap,EUR
UCG.MI,120506449920.0,marketcap,EUR
ISP.MI,113042874368.0,marketcap,EUR
BBVA.MC,126429192192.0,marketcap,EUR
RHM.DE,48291995648.0,marketcap,EUR
GSK.L,76887400448.0,marketcap,GBp
MUV2.DE,65132601344.0,marketcap,EUR
EQNR.OL,932773625856.0,marketcap,NOK
DG.PA,65483747328.0,marketcap,EUR
MRK.DE,60499341312.0,marketcap,EUR
HO.PA,48577232896.0,marketcap,EUR
LSEG.L,42721480704.0,marketcap,GBp
SHL.DE,39239118848.0,marketcap,EUR
INGA.AS,82723012608.0,marketcap,EUR
BA.L,57771651072.0,marketcap,GBp
BARC.L,70859186176.0,marketcap,GBp
NG.L,62206558208.0,marketcap,GBp
LLOY.L,65891950592.0,marketcap,GBp
CPG.L,51502489600.0,marketcap,USD
DHL.DE,63841636352.0,marketcap,EUR
DBK.DE,58523676672.0,marketcap,EUR
G.MI,64177459200.0,marketcap,EUR
ENI.MI,66629980160.0,marketcap,EUR
BN.PA,44948094976.0,marketcap,EUR
ACA.PA,55986597888.0,marketcap,EUR
SGO.PA,36330053632.0,marketcap,EUR
CABK.MC,92513574912.0,marketcap,EUR
VOLV-B.ST,721468784640.0,marketcap,SEK
DSV.CO,345862569984.0,marketcap,DKK
HOLN.SW,40942317568.0,marketcap,CHF
WKL.AS,13917946880.0,marketcap,EUR
NWG.L,53764878336.0,marketcap,GBp
UMG.AS,33891719168.0,marketcap,EUR
LONN.SW,38274637824.0,marketcap,CHF
SREN.SW,39666683904.0,marketcap,CHF
ASM.AS,42012692480.0,marketcap,EUR
DB1.DE,46532247552.0,marketcap,EUR
NDA-FI.HE,58627092480.0,marketcap,EUR
ENGI.PA,70612566016.0,marketcap,EUR
BAS.DE,42951675904.0,marketcap,EUR
ADS.DE,30787774464.0,marketcap,EUR
ALC.SW,27184398336.0,marketcap,CHF
HEIA.AS,42456989696.0,marketcap,EUR
EOAN.DE,51203260416.0,marketcap,EUR
DSY.PA,26122274816.0,marketcap,EUR
CDI.PA,76313673728.0,marketcap,EUR
ARGX.BR,50324062208.0,marketcap,EUR
RKT.L,31435220992.0,marketcap,GBp
HLN.L,32015616000.0,marketcap,GBp
III.L,27667136512.0,marketcap,GBp
GLE.PA,56838901760.0,marketcap,EUR
AAL.L,39870066688.0,marketcap,GBp
BAYN.DE,45250453504.0,marketcap,EUR
KBC.BR,48553869312.0,marketcap,EUR
UCB.BR,46828896256.0,marketcap,EUR
SEB-A.ST,426019651584.0,marketcap,SEK
DNB.OL,427611455488.0,marketcap,NOK
KOG.OL,254910742528.0,marketcap,NOK
P911.DE,39847141376.0,marketcap,EUR
SIKA.SW,25004457984.0,marketcap,CHF
GIVN.SW,29503289344.0,marketcap,CHF
AD.AS,29641408512.0,marketcap,EUR
HNR1.DE,30535194624.0,marketcap,EUR
RYA.IR,25256179712.0,marketcap,EUR
KER.PA,29710669824.0,marketcap,EUR
PRY.MI,37085847552.0,marketcap,EUR
AMS.MC,21318604800.0,marketcap,EUR
AENA.MC,40049999872.0,marketcap,EUR
FER.MC,39858159616.0,marketcap,EUR
EQT.ST,368530489344.0,marketcap,SEK
ERIC-B.ST,301297860608.0,marketcap,SEK
EPI-A.ST,299581014016.0,marketcap,SEK
ASSA-B.ST,386550169600.0,marketcap,SEK
STAN.L,46470578176.0,marketcap,GBp
HEI.DE,29682241536.0,marketcap,EUR
HEN3.DE,30234642432.0,marketcap,EUR
CBK.DE,40330133504.0,marketcap,EUR
CAP.PA,14926444544.0,marketcap,EUR
TSCO.L,29932959744.0,marketcap,GBp
PRU.L,27284461568.0,marketcap,GBp
TEF.MC,20285229056.0,marketcap,EUR
SCHN.SW,26343012352.0,marketcap,CHF
KNIN.SW,24298311680.0,marketcap,CHF
VNA.DE,17587855360.0,marketcap,EUR
PHIA.AS,22511118336.0,marketcap,EUR
LDO.MI,30148055040.0,marketcap,EUR
DTG.DE,35151859712.0,marketcap,EUR
SCMN.SW,32246710272.0,marketcap,CHF
LISN.SW,101450145792.0,marketcap,CHF
PGHN.SW,17455183872.0,marketcap,CHF
CARL-B.CO,119695024128.0,marketcap,DKK
NSIS-B.CO,191713198080.0,marketcap,DKK
ELE.MC,42110840832.0,marketcap,EUR
BEI.DE,16944332800.0,marketcap,EUR
RWE.DE,41957605376.0,marketcap,EUR
EXO.AS,22382911488.0,marketcap,EUR
STLAM.MI,14545488896.0,marketcap,EUR
VOD.L,26389579776.0,marketcap,GBp
IMB.L,21644128256.0,marketcap,GBp
DANSKE.CO,287760252928.0,marketcap,DKK
KNEBV.HE,25344071680.0,marketcap,EUR
SAND.ST,438658760704.0,marketcap,SEK
SWED-A.ST,416898154496.0,marketcap,SEK
FRE.DE,24669790208.0,marketcap,EUR
GALD.SW,40493256704.0,marketcap,CHF
DSFIR.AS,20095223808.0,marketcap,EUR
HEXA-B.ST,223769739264.0,marketcap,SEK
NOKIA.HE,45899595776.0,marketcap,EUR
SAMPO.HE,25398886400.0,marketcap,EUR
CLNX.MC,17205506048.0,marketcap,EUR
TEL.OL,179363823616.0,marketcap,NOK
VER.VI,20567009280.0,marketcap,EUR
VT,96774266880.0,aum,USD
ACWI,33203742720.0,aum,USD
URTH,8064359424.0,aum,USD
VXUS,650318381056.0,aum,USD
VWO,163324018688.0,aum,USD
TSM,2092275466240.0,marketcap,USD
0700.HK,3912107819008.0,marketcap,HKD
9988.HK,2109247586304.0,marketcap,HKD
7203.T,34303530500096.0,marketcap,JPY
6758.T,20019222151168.0,marketcap,JPY
8306.T,42333378707456.0,marketcap,JPY
CBA.AX,290999697408.0,marketcap,AUD
BHP.AX,298998595584.0,marketcap,AUD
RY.TO,409964314624.0,marketcap,CAD
TD.TO,279196598272.0,marketcap,CAD
SHOP.TO,208221667328.0,marketcap,CAD
CNQ.TO,136572297216.0,marketcap,CAD
6861.T,17418154934272.0,marketcap,JPY
6501.T,21749406105600.0,marketcap,JPY
7974.T,8034062958592.0,marketcap,JPY
9984.T,31344079929344.0,marketcap,JPY
8058.T,18007250173952.0,marketcap,JPY
9983.T,23388183592960.0,marketcap,JPY
1299.HK,804833394688.0,marketcap,HKD
EWJ,22312462336.0,aum,USD
DXJ,7079662592.0,aum,USD
285A.T,30651052982272.0,marketcap,JPY
8035.T,28488444674048.0,marketcap,JPY
8316.T,27297738391552.0,marketcap,JPY
6857.T,20955208351744.0,marketcap,JPY
6981.T,15128424611840.0,marketcap,JPY
8411.T,21080066490368.0,marketcap,JPY
6098.T,16782626652160.0,marketcap,JPY
8766.T,15418523648000.0,marketcap,JPY
8001.T,13682753929216.0,marketcap,JPY
8031.T,14074579517440.0,marketcap,JPY
4063.T,12463674228736.0,marketcap,JPY
7011.T,13256026488832.0,marketcap,JPY
4519.T,12204978995200.0,marketcap,JPY
6503.T,11562362339328.0,marketcap,JPY
9432.T,12319394365440.0,marketcap,JPY
7182.T,12260220076032.0,marketcap,JPY
2914.T,11470585724928.0,marketcap,JPY
6752.T,9066514481152.0,marketcap,JPY
9433.T,11126948495360.0,marketcap,JPY
9434.T,10599952023552.0,marketcap,JPY
5803.T,7604443021312.0,marketcap,JPY
6723.T,7126549790720.0,marketcap,JPY
7741.T,8215774363648.0,marketcap,JPY
4502.T,9018451951616.0,marketcap,JPY
5802.T,7702488547328.0,marketcap,JPY
6146.T,6604600115200.0,marketcap,JPY
8002.T,8736250265600.0,marketcap,JPY
8053.T,7601110122496.0,marketcap,JPY
6367.T,6646666887168.0,marketcap,JPY
6762.T,5734323453952.0,marketcap,JPY
6954.T,6181238079488.0,marketcap,JPY
8591.T,7137740718080.0,marketcap,JPY
8750.T,6931830800384.0,marketcap,JPY
8015.T,6783361875968.0,marketcap,JPY
4062.T,4850494996480.0,marketcap,JPY
8725.T,7059338690560.0,marketcap,JPY
6178.T,6975100813312.0,marketcap,JPY
6301.T,5921379975168.0,marketcap,JPY
4578.T,5860763369472.0,marketcap,JPY
8630.T,6279936868352.0,marketcap,JPY
2802.T,4864446824448.0,marketcap,JPY
7267.T,5979003420672.0,marketcap,JPY
6702.T,5688335007744.0,marketcap,JPY
6701.T,5635635675136.0,marketcap,JPY
6902.T,4956620849152.0,marketcap,JPY
6971.T,4789543895040.0,marketcap,JPY
8802.T,4800484737024.0,marketcap,JPY
8308.T,5305438044160.0,marketcap,JPY
4568.T,5094119047168.0,marketcap,JPY
6273.T,4461796786176.0,marketcap,JPY
3382.T,4960999702528.0,marketcap,JPY
5108.T,4625105682432.0,marketcap,JPY
8309.T,4688961339392.0,marketcap,JPY
4901.T,4335260401664.0,marketcap,JPY
8604.T,4676752769024.0,marketcap,JPY
6920.T,3869356064768.0,marketcap,JPY
4661.T,4398539866112.0,marketcap,JPY
8801.T,4171493015552.0,marketcap,JPY
7269.T,3797775548416.0,marketcap,JPY
9020.T,4100777050112.0,marketcap,JPY
8267.T,3704510480384.0,marketcap,JPY
4503.T,3881267888128.0,marketcap,JPY
5016.T,3500305022976.0,marketcap,JPY
1605.T,4370995871744.0,marketcap,JPY
7751.T,3844107141120.0,marketcap,JPY
7735.T,2997042020352.0,marketcap,JPY
8830.T,3398907985920.0,marketcap,JPY
9022.T,3701557690368.0,marketcap,JPY
4543.T,3192817188864.0,marketcap,JPY
5020.T,3523641081856.0,marketcap,JPY
7936.T,3397814845440.0,marketcap,JPY
6594.T,2921943793664.0,marketcap,JPY
4004.T,2625165852672.0,marketcap,JPY
6326.T,3150091124736.0,marketcap,JPY
7013.T,3051675975680.0,marketcap,JPY
4689.T,2985722642432.0,marketcap,JPY
4452.T,2915660464128.0,marketcap,JPY
5401.T,3224100667392.0,marketcap,JPY
1812.T,2574051704832.0,marketcap,JPY
5801.T,2383451258880.0,marketcap,JPY
6525.T,1999950184448.0,marketcap,JPY
1925.T,2835990183936.0,marketcap,JPY
6361.T,2591294488576.0,marketcap,JPY
4307.T,2762106732544.0,marketcap,JPY
4091.T,2551671422976.0,marketcap,JPY
6383.T,2280536408064.0,marketcap,JPY
9735.T,2727193083904.0,marketcap,JPY
6976.T,1428551892992.0,marketcap,JPY
9503.T,2636415238144.0,marketcap,JPY
4612.T,2598953287680.0,marketcap,JPY
7832.T,2636655362048.0,marketcap,JPY
3407.T,2484481294336.0,marketcap,JPY
9766.T,2483394707456.0,marketcap,JPY
7532.T,2579023003648.0,marketcap,JPY
4507.T,2429960323072.0,marketcap,JPY
9502.T,2265802866688.0,marketcap,JPY
1801.T,2229149630464.0,marketcap,JPY
8795.T,2442671423488.0,marketcap,JPY
7012.T,2328254742528.0,marketcap,JPY
8601.T,2578572115968.0,marketcap,JPY
6963.T,1809732468736.0,marketcap,JPY
1802.T,2257492115456.0,marketcap,JPY
2502.T,2410804674560.0,marketcap,JPY
2503.T,2321565614080.0,marketcap,JPY
8697.T,2266962853888.0,marketcap,JPY
1928.T,2292170358784.0,marketcap,JPY
5706.T,1825644609536.0,marketcap,JPY
6988.T,2206544691200.0,marketcap,JPY
5334.T,1840354164736.0,marketcap,JPY
5713.T,2002883969024.0,marketcap,JPY
9101.T,2399544803328.0,marketcap,JPY
5333.T,1712825696256.0,marketcap,JPY
7186.T,2169048399872.0,marketcap,JPY
9532.T,2100338360320.0,marketcap,JPY
9531.T,2057570484224.0,marketcap,JPY
6504.T,1886939119616.0,marketcap,JPY
6479.T,1557789016064.0,marketcap,JPY
8593.T,2066291490816.0,marketcap,JPY
6506.T,1327185788928.0,marketcap,JPY
7453.T,2230540566528.0,marketcap,JPY
7733.T,1838146519040.0,marketcap,JPY
3659.T,1786232176640.0,marketcap,JPY
7270.T,1801599975424.0,marketcap,JPY
9104.T,2007748313088.0,marketcap,JPY
3436.T,1267011026944.0,marketcap,JPY
1803.T,1668797562880.0,marketcap,JPY
7181.T,1916910305280.0,marketcap,JPY
8473.T,1825086898176.0,marketcap,JPY
4684.T,1806490009600.0,marketcap,JPY
005930.KS,1638357553643520.0,marketcap,KRW
000660.KS,1248634771341312.0,marketcap,KRW
373220.KS,77103001239552.0,marketcap,KRW
005380.KS,104995466772480.0,marketcap,KRW
207940.KS,70269666328576.0,marketcap,KRW
000270.KS,50719612731392.0,marketcap,KRW
105560.KS,60214699098112.0,marketcap,KRW
068270.KS,40728512167936.0,marketcap,KRW
035420.KS,31037803462656.0,marketcap,KRW
055550.KS,49158236930048.0,marketcap,KRW
012330.KS,42985043525632.0,marketcap,KRW
028260.KS,55963226734592.0,marketcap,KRW
005490.KS,23669302624256.0,marketcap,KRW
006400.KS,33680873488384.0,marketcap,KRW
051910.KS,20273252270080.0,marketcap,KRW
066570.KS,30388187561984.0,marketcap,KRW
035720.KS,15952756342784.0,marketcap,KRW
086790.KS,35519908020224.0,marketcap,KRW
000810.KS,25649423056896.0,marketcap,KRW
033780.KS,18955789926400.0,marketcap,KRW
015760.KS,22725529698304.0,marketcap,KRW
329180.KS,50944863633408.0,marketcap,KRW
012450.KS,50368364937216.0,marketcap,KRW
034020.KS,46081475870720.0,marketcap,KRW
402340.KS,146175604817920.0,marketcap,KRW
009150.KS,100175649439744.0,marketcap,KRW
003550.KS,15096493375488.0,marketcap,KRW
011200.KS,20421101486080.0,marketcap,KRW
086280.KS,15525000249344.0,marketcap,KRW
090430.KS,8133358387200.0,marketcap,KRW
092130.KQ,170898685952.0,marketcap,KRW
032830.KS,57104782065664.0,marketcap,KRW
034730.KS,34361388826624.0,marketcap,KRW
010120.KS,30054639730688.0,marketcap,KRW
267260.KS,29154091204608.0,marketcap,KRW
042660.KS,26928849354752.0,marketcap,KRW
298040.KS,24964778426368.0,marketcap,KRW
000150.KS,21297828462592.0,marketcap,KRW
009540.KS,26305842118656.0,marketcap,KRW
010130.KS,21922725232640.0,marketcap,KRW
316140.KS,22459902328832.0,marketcap,KRW
042700.KS,18970600013824.0,marketcap,KRW
064350.KS,17288139898880.0,marketcap,KRW
011070.KS,14790317572096.0,marketcap,KRW
010140.KS,19560044429312.0,marketcap,KRW
017670.KS,21305791348736.0,marketcap,KRW
138040.KS,20316654927872.0,marketcap,KRW
196170.KQ,16079795519488.0,marketcap,KRW
079550.KS,16646080036864.0,marketcap,KRW
024110.KS,17025041694720.0,marketcap,KRW
047810.KS,15410813468672.0,marketcap,KRW
018260.KS,16204863373312.0,marketcap,KRW
267250.KS,15723726372864.0,marketcap,KRW
003670.KS,12594779783168.0,marketcap,KRW
278470.KS,13253107253248.0,marketcap,KRW
071050.KS,12438510501888.0,marketcap,KRW
272210.KS,12752940695552.0,marketcap,KRW
307950.KS,10393360531456.0,marketcap,KRW
000720.KS,11937990574080.0,marketcap,KRW
030200.KS,12882930565120.0,marketcap,KRW
010950.KS,17602799730688.0,marketcap,KRW
247540.KQ,10594402959360.0,marketcap,KRW
086520.KQ,10575836872704.0,marketcap,KRW
005940.KS,10880145162240.0,marketcap,KRW
016360.KS,8956790439936.0,marketcap,KRW
259960.KS,10936057331712.0,marketcap,KRW
323410.KS,10506364518400.0,marketcap,KRW
277810.KQ,8118840328192.0,marketcap,KRW
006260.KS,8514615377920.0,marketcap,KRW
036930.KQ,6442842587136.0,marketcap,KRW
443060.KS,9392164438016.0,marketcap,KRW
096770.KS,22031512895488.0,marketcap,KRW
028050.KS,9329600102400.0,marketcap,KRW
000880.KS,8526962884608.0,marketcap,KRW
006800.KS,21468192702464.0,marketcap,KRW
039490.KS,7824189423616.0,marketcap,KRW
180640.KS,7065720324096.0,marketcap,KRW
005830.KS,10182037864448.0,marketcap,KRW
352820.KS,9023549079552.0,marketcap,KRW
950160.KQ,1271040704512.0,marketcap,KRW
047050.KS,9596024389632.0,marketcap,KRW
003490.KS,9399483498496.0,marketcap,KRW
003230.KS,8584305311744.0,marketcap,KRW
161390.KS,8600206966784.0,marketcap,KRW
007660.KS,6386601689088.0,marketcap,KRW
047040.KS,6286551810048.0,marketcap,KRW
240810.KQ,4889896812544.0,marketcap,KRW
064400.KS,6249143861248.0,marketcap,KRW
028300.KQ,4159012601856.0,marketcap,KRW
078930.KS,9022543495168.0,marketcap,KRW
062040.KS,5218810462208.0,marketcap,KRW
326030.KS,6312047935488.0,marketcap,KRW
021240.KS,6437834063872.0,marketcap,KRW
353200.KS,5640612741120.0,marketcap,KRW
004170.KS,4418911076352.0,marketcap,KRW
241560.KS,5972541046784.0,marketcap,KRW
001440.KS,5221270945792.0,marketcap,KRW
032640.KS,6256064987136.0,marketcap,KRW
058470.KQ,5206438313984.0,marketcap,KRW
298380.KQ,4053492301824.0,marketcap,KRW
009830.KS,5419893260288.0,marketcap,KRW
034220.KS,4899999842304.0,marketcap,KRW
377300.KS,5666780479488.0,marketcap,KRW
454910.KS,4193852588032.0,marketcap,KRW
271560.KS,5158506856448.0,marketcap,KRW
029780.KS,5207482171392.0,marketcap,KRW
000100.KS,5599832571904.0,marketcap,KRW
001040.KS,4432789504000.0,marketcap,KRW
000250.KQ,3483031044096.0,marketcap,KRW
036570.KS,4439817584640.0,marketcap,KRW
000990.KS,4209653317632.0,marketcap,KRW
011790.KS,4040270282752.0,marketcap,KRW
023530.KS,3559273529344.0,marketcap,KRW
141080.KQ,3501840662528.0,marketcap,KRW
214450.KQ,3709104291840.0,marketcap,KRW
403870.KQ,2897178525696.0,marketcap,KRW
145020.KQ,2533371936768.0,marketcap,KRW
319660.KQ,4168310063104.0,marketcap,KRW
336260.KS,3374713667584.0,marketcap,KRW
082740.KS,4092022489088.0,marketcap,KRW
052690.KS,3770111229952.0,marketcap,KRW
010060.KS,2238123868160.0,marketcap,KRW
018880.KS,3627798495232.0,marketcap,KRW
214150.KQ,2899015368704.0,marketcap,KRW
140860.KQ,1734536462336.0,marketcap,KRW
087010.KQ,2633475817472.0,marketcap,KRW
067310.KQ,2206612324352.0,marketcap,KRW
002380.KS,3099783069696.0,marketcap,KRW
103590.KS,3037042049024.0,marketcap,KRW
357780.KQ,2067837091840.0,marketcap,KRW
257720.KQ,2311562985472.0,marketcap,KRW
251270.KS,3023385657344.0,marketcap,KRW
097950.KS,3110099746816.0,marketcap,KRW
039030.KQ,3677385654272.0,marketcap,KRW
222800.KQ,3304054849536.0,marketcap,KRW
011780.KS,3232439468032.0,marketcap,KRW
383220.KS,2852347969536.0,marketcap,KRW
014680.KS,2541175177216.0,marketcap,KRW
035250.KS,2865882464256.0,marketcap,KRW
036460.KS,3050276388864.0,marketcap,KRW
450080.KS,2427221180416.0,marketcap,KRW
084370.KQ,2470611517440.0,marketcap,KRW
011170.KS,2576412835840.0,marketcap,KRW
028670.KS,2822526992384.0,marketcap,KRW
081660.KS,2340196974592.0,marketcap,KRW
237690.KQ,2431838584832.0,marketcap,KRW
095340.KQ,2761830432768.0,marketcap,KRW
440110.KQ,3224702550016.0,marketcap,KRW
263750.KQ,2021471813632.0,marketcap,KRW
008930.KS,2342894174208.0,marketcap,KRW
282330.KS,2131736920064.0,marketcap,KRW
004370.KS,2144064110592.0,marketcap,KRW
462870.KS,1778508627968.0,marketcap,KRW
098460.KQ,1706973200384.0,marketcap,KRW
030000.KS,1935436546048.0,marketcap,KRW
004990.KS,1800421638144.0,marketcap,KRW
035900.KQ,1486017789952.0,marketcap,KRW
041510.KQ,1598049353728.0,marketcap,KRW
051900.KS,4163876683776.0,marketcap,KRW
020560.KS,1410421751808.0,marketcap,KRW
000120.KS,1541758386176.0,marketcap,KRW
267270.KS,6331605975040.0,marketcap,KRW
000500.KS,5624990007296.0,marketcap,KRW
111770.KS,3732521877504.0,marketcap,KRW
004020.KS,3650394259456.0,marketcap,KRW
066970.KS,3078332088320.0,marketcap,KRW
088350.KS,3448881283072.0,marketcap,KRW
022100.KS,2916510334976.0,marketcap,KRW
483650.KS,2987380441088.0,marketcap,KRW
031210.KS,2988364529664.0,marketcap,KRW
069960.KS,2764685705216.0,marketcap,KRW
139130.KS,2890132094976.0,marketcap,KRW
001450.KS,3200097714176.0,marketcap,KRW
475150.KS,2754174255104.0,marketcap,KRW
004800.KS,2621320200192.0,marketcap,KRW
302440.KS,2694982664192.0,marketcap,KRW
006360.KS,2567889223680.0,marketcap,KRW
017800.KS,2509301874688.0,marketcap,KRW
279570.KS,2523423834112.0,marketcap,KRW
009420.KS,2369991999488.0,marketcap,KRW
005850.KS,2500811816960.0,marketcap,KRW
003690.KS,1711874768896.0,marketcap,KRW
375500.KS,2629320835072.0,marketcap,KRW
012750.KS,2491814772736.0,marketcap,KRW
000240.KS,2372689461248.0,marketcap,KRW
161890.KS,2365228580864.0,marketcap,KRW
005440.KS,1867925422080.0,marketcap,KRW
018670.KS,2303599837184.0,marketcap,KRW
071970.KS,2293091532800.0,marketcap,KRW
009970.KS,2361596837888.0,marketcap,KRW
139480.KS,2204681371648.0,marketcap,KRW
489790.KS,2143564464128.0,marketcap,KRW
007070.KS,2151814004736.0,marketcap,KRW
051600.KS,2119500038144.0,marketcap,KRW
007340.KS,2013552443392.0,marketcap,KRW
204320.KS,2094287552512.0,marketcap,KRW
192820.KS,2024066121728.0,marketcap,KRW
002790.KS,2172061876224.0,marketcap,KRW
085620.KS,2074631995392.0,marketcap,KRW
322000.KS,1836800016384.0,marketcap,KRW
103140.KS,1865565208576.0,marketcap,KRW
439260.KS,1862538756096.0,marketcap,KRW
457190.KS,1734563201024.0,marketcap,KRW
112610.KS,1790150967296.0,marketcap,KRW
008770.KS,1782904127488.0,marketcap,KRW
073240.KS,1760905527296.0,marketcap,KRW
281820.KS,1482029400064.0,marketcap,KRW
395400.KS,1617250222080.0,marketcap,KRW
120110.KS,1821169549312.0,marketcap,KRW
229640.KS,1411748724736.0,marketcap,KRW
023590.KS,1685040660480.0,marketcap,KRW
007810.KS,1583440592896.0,marketcap,KRW
001740.KS,1648569614336.0,marketcap,KRW
020150.KS,1578818732032.0,marketcap,KRW
003540.KS,1762675261440.0,marketcap,KRW
006040.KS,1551739256832.0,marketcap,KRW
001800.KS,1549033799680.0,marketcap,KRW
011210.KS,1505432305664.0,marketcap,KRW
069620.KS,1468199993344.0,marketcap,KRW
097230.KS,1450950656000.0,marketcap,KRW
089860.KS,1452375539712.0,marketcap,KRW
001120.KS,1413538643968.0,marketcap,KRW
006280.KS,1411803774976.0,marketcap,KRW
298020.KS,1377689272320.0,marketcap,KRW
001430.KS,1258760437760.0,marketcap,KRW
005070.KS,1158778191872.0,marketcap,KRW
294870.KS,1283210608640.0,marketcap,KRW
017960.KS,1193715564544.0,marketcap,KRW
361610.KS,1156469620736.0,marketcap,KRW
082640.KS,1192318074880.0,marketcap,KRW
004000.KS,1199637004288.0,marketcap,KRW
181710.KS,1122725920768.0,marketcap,KRW
192080.KS,1172230766592.0,marketcap,KRW
012630.KS,1138539102208.0,marketcap,KRW
001720.KS,1143259267072.0,marketcap,KRW
006340.KS,1076629929984.0,marketcap,KRW
000210.KS,1142047637504.0,marketcap,KRW
093370.KS,1097221996544.0,marketcap,KRW
030610.KS,1094832816128.0,marketcap,KRW
100090.KS,1146473676800.0,marketcap,KRW
007310.KS,1097145319424.0,marketcap,KRW
000080.KS,1064185233408.0,marketcap,KRW
300720.KS,1039147335680.0,marketcap,KRW
330590.KS,1033063825408.0,marketcap,KRW
077970.KS,1025545535488.0,marketcap,KRW
005300.KS,1005419429888.0,marketcap,KRW
006120.KS,972309135360.0,marketcap,KRW
009450.KS,942331133952.0,marketcap,KRW
003530.KS,931160522752.0,marketcap,KRW
032350.KS,924969074688.0,marketcap,KRW
003470.KS,916491993088.0,marketcap,KRW
280360.KS,901809242112.0,marketcap,KRW
185750.KS,903878279168.0,marketcap,KRW
034230.KS,880224960512.0,marketcap,KRW
451800.KS,872856027136.0,marketcap,KRW
030190.KS,857424855040.0,marketcap,KRW
003570.KS,872134148096.0,marketcap,KRW
195870.KS,841500000256.0,marketcap,KRW
001820.KS,838876528640.0,marketcap,KRW
365550.KS,814554546176.0,marketcap,KRW
192400.KS,809591898112.0,marketcap,KRW
456040.KS,567479435264.0,marketcap,KRW
005090.KS,710277005312.0,marketcap,KRW
499790.KS,747858624512.0,marketcap,KRW
079160.KS,803902390272.0,marketcap,KRW
214320.KS,765999972352.0,marketcap,KRW
071320.KS,768828571648.0,marketcap,KRW
285130.KS,796514713600.0,marketcap,KRW
003240.KS,749893189632.0,marketcap,KRW
137310.KS,736854343680.0,marketcap,KRW
036530.KS,735120850944.0,marketcap,KRW
004490.KS,710244302848.0,marketcap,KRW
000400.KS,707861938176.0,marketcap,KRW
003090.KS,711684325376.0,marketcap,KRW
003850.KS,696964022272.0,marketcap,KRW
298050.KS,692990181376.0,marketcap,KRW
075580.KS,695268868096.0,marketcap,KRW
002350.KS,704271089664.0,marketcap,KRW
064960.KS,628033060864.0,marketcap,KRW
000670.KS,648880455680.0,marketcap,KRW
025540.KS,638256480256.0,marketcap,KRW
005690.KS,635442561024.0,marketcap,KRW
009240.KS,630812246016.0,marketcap,KRW
293940.KS,637354442752.0,marketcap,KRW
317450.KS,608089997312.0,marketcap,KRW
005880.KS,602569244672.0,marketcap,KRW
006650.KS,615757185024.0,marketcap,KRW
484870.KS,584934227968.0,marketcap,KRW
453340.KS,599152984064.0,marketcap,KRW
093050.KS,597309784064.0,marketcap,KRW
069260.KS,583621017600.0,marketcap,KRW
002840.KS,575392776192.0,marketcap,KRW
005180.KS,588863963136.0,marketcap,KRW
268280.KS,577731690496.0,marketcap,KRW
003620.KS,566649749504.0,marketcap,KRW
010780.KS,559120973824.0,marketcap,KRW
014820.KS,582474858496.0,marketcap,KRW
178920.KS,537991020544.0,marketcap,KRW
000640.KS,538669416448.0,marketcap,KRW
001060.KS,557712539648.0,marketcap,KRW
006110.KS,516465983488.0,marketcap,KRW
100840.KS,533549907968.0,marketcap,KRW
003300.KS,540166914048.0,marketcap,KRW
007700.KS,544243580928.0,marketcap,KRW
003160.KS,537254723584.0,marketcap,KRW
017940.KS,546953658368.0,marketcap,KRW
336370.KS,640825819136.0,marketcap,KRW
033240.KS,511437504512.0,marketcap,KRW
090460.KS,524578455552.0,marketcap,KRW
016380.KS,499668942848.0,marketcap,KRW
009410.KS,504108548096.0,marketcap,KRW
448730.KS,499864502272.0,marketcap,KRW
001530.KS,499187253248.0,marketcap,KRW
058650.KS,493373784064.0,marketcap,KRW
001500.KS,490336026624.0,marketcap,KRW
003280.KS,456807317504.0,marketcap,KRW
079900.KS,457459367936.0,marketcap,KRW
284740.KS,484323393536.0,marketcap,KRW
039130.KS,457365946368.0,marketcap,KRW
005810.KS,475018657792.0,marketcap,KRW
001510.KS,443542732800.0,marketcap,KRW
008060.KS,456942354432.0,marketcap,KRW
460860.KS,466265866240.0,marketcap,KRW
377740.KS,460440403968.0,marketcap,KRW
002240.KS,455488405504.0,marketcap,KRW
003030.KS,447279038464.0,marketcap,KRW
145990.KS,450635268096.0,marketcap,KRW
034310.KS,440654462976.0,marketcap,KRW
020000.KS,442426064896.0,marketcap,KRW
249420.KS,439851909120.0,marketcap,KRW
005250.KS,433507860480.0,marketcap,KRW
072710.KS,420647567360.0,marketcap,KRW
161000.KS,420574068736.0,marketcap,KRW
014830.KS,415596969984.0,marketcap,KRW
002990.KS,378765115392.0,marketcap,KRW
001270.KS,473628016640.0,marketcap,KRW
019170.KS,422615613440.0,marketcap,KRW
000070.KS,404761477120.0,marketcap,KRW
004690.KS,408143790080.0,marketcap,KRW
003000.KS,387258843136.0,marketcap,KRW
001200.KS,385724416000.0,marketcap,KRW
031430.KS,384411435008.0,marketcap,KRW
002810.KS,410433454080.0,marketcap,KRW
452260.KS,370114527232.0,marketcap,KRW
027410.KS,381877977088.0,marketcap,KRW
271940.KS,378383466496.0,marketcap,KRW
105630.KS,365078937600.0,marketcap,KRW
005950.KS,372851310592.0,marketcap,KRW
005420.KS,352952123392.0,marketcap,KRW
403550.KS,366120468480.0,marketcap,KRW
016610.KS,355140665344.0,marketcap,KRW
344820.KS,358724993024.0,marketcap,KRW
009900.KS,363093327872.0,marketcap,KRW
381970.KS,361762488320.0,marketcap,KRW
306200.KS,381765976064.0,marketcap,KRW
006220.KS,349636657152.0,marketcap,KRW
060980.KS,344046698496.0,marketcap,KRW
194370.KS,351392923648.0,marketcap,KRW
170900.KS,350068473856.0,marketcap,KRW
002020.KS,364074991616.0,marketcap,KRW
310970.KS,623604137984.0,aum,KRW
VOO,1670882131968.0,aum,USD
IVV,888128929792.0,aum,USD
SPY,781188857856.0,aum,USD
VTI,2297940410368.0,aum,USD
QQQ,490103177216.0,aum,USD
VEA,316309798912.0,aum,USD
VUG,379207221248.0,aum,USD
GLD,130053275648.0,aum,USD
IEFA,186543423488.0,aum,USD
VTV,254461837312.0,aum,USD
BND,397862928384.0,aum,USD
IEMG,160718422016.0,aum,USD
AGG,138847469568.0,aum,USD
IWF,128899137536.0,aum,USD
VGT,169247817728.0,aum,USD
IJH,124330491904.0,aum,USD
SPLG,97328324608.0,aum,USD
VIG,129462992896.0,aum,USD
VO,223974162432.0,aum,USD
IJR,111317172224.0,aum,USD
XLK,123912577024.0,aum,USD
RSP,93655826432.0,aum,USD
SCHD,95734071296.0,aum,USD
IAU,60138172416.0,aum,USD
ITOT,94139031552.0,aum,USD
EFA,77217693696.0,aum,USD
BNDX,123285929984.0,aum,USD
VYM,96168181760.0,aum,USD
SGOV,95892447232.0,aum,USD
TLT,41099935744.0,aum,USD
IEF,47093366784.0,aum,USD
LQD,33113137152.0,aum,USD
HYG,17626118144.0,aum,USD
JEPI,44746088448.0,aum,USD
JEPQ,40656678912.0,aum,USD
QYLD,8368078336.0,aum,USD
XYLD,3197810176.0,aum,USD
RYLD,1359637888.0,aum,USD
VNQ,71348019200.0,aum,USD
XLV,40598945792.0,aum,USD
XLF,51353821184.0,aum,USD
XLE,35721338880.0,aum,USD
XLP,13649293312.0,aum,USD
XLY,22593435648.0,aum,USD
XLI,33963890688.0,aum,USD
XLU,23111417856.0,aum,USD
XLC,22262224896.0,aum,USD
XLB,8166011392.0,aum,USD
NVDA,5009871732736.0,marketcap,USD
GOOGL,3910399426560.0,marketcap,USD
AAPL,4891182891008.0,marketcap,USD
MSFT,2835433652224.0,marketcap,USD
AMZN,2496832733184.0,marketcap,USD
AVGO,1817015091200.0,marketcap,USD
TSLA,1236326809600.0,marketcap,USD
META,1510844137472.0,marketcap,USD
WMT,871170899968.0,marketcap,USD
BRK-B,1067491590144.0,marketcap,USD
LLY,1066549444608.0,marketcap,USD
JPM,938902814720.0,marketcap,USD
V,676526292992.0,marketcap,USD
XOM,650508042240.0,marketcap,USD
MA,476834856960.0,marketcap,USD
UNH,382092673024.0,marketcap,USD
COST,414665998336.0,marketcap,USD
NFLX,291850518528.0,marketcap,USD
ORCL,331225366528.0,marketcap,USD
JNJ,634767278080.0,marketcap,USD
HD,332019924992.0,marketcap,USD
PG,343258791936.0,marketcap,USD
BAC,435464896512.0,marketcap,USD
ABBV,458235346944.0,marketcap,USD
PLTR,294677577728.0,marketcap,USD
KO,353879195648.0,marketcap,USD
PM,300801851392.0,marketcap,USD
CVX,387943301120.0,marketcap,USD
CSCO,449993572352.0,marketcap,USD
WFC,261391155200.0,marketcap,USD
INTC,465662050304.0,marketcap,USD
CAT,409341886464.0,marketcap,USD
LRCX,381686775808.0,marketcap,USD
AMD,851091980288.0,marketcap,USD
CRM,134037544960.0,marketcap,USD
ADBE,89481224192.0,marketcap,USD
MCD,188113534976.0,marketcap,USD
MRK,323719921664.0,marketcap,USD
PEP,186650247168.0,marketcap,USD
TMO,211177619456.0,marketcap,USD
ABT,179511263232.0,marketcap,USD
QCOM,175986376704.0,marketcap,USD
TXN,255282479104.0,marketcap,USD
AMAT,425760751616.0,marketcap,USD
INTU,81057210368.0,marketcap,USD
NOW,102124888064.0,marketcap,USD
GS,313070714880.0,marketcap,USD
MS,337162567680.0,marketcap,USD
AXP,222554439680.0,marketcap,USD
BLK,171654397952.0,marketcap,USD
SPGI,126214397952.0,marketcap,USD
BKNG,137509945344.0,marketcap,USD
UBER,134227402752.0,marketcap,USD
RTX,286789435392.0,marketcap,USD
LMT,134458687488.0,marketcap,USD
BA,165165105152.0,marketcap,USD
HON,77063962624.0,marketcap,USD
UNP,182571286528.0,marketcap,USD
DE,169670590464.0,marketcap,USD
GE,367017000960.0,marketcap,USD
NEE,187245641728.0,marketcap,USD
COP,146512035840.0,marketcap,USD
ETN,156900376576.0,marketcap,USD
LOW,116486037504.0,marketcap,USD
TJX,170367516672.0,marketcap,USD
NKE,61861900288.0,marketcap,USD
SBUX,117674024960.0,marketcap,USD
MDLZ,77686489088.0,marketcap,USD
CL,72617181184.0,marketcap,USD
PLD,140853198848.0,marketcap,USD
AMT,77650395136.0,marketcap,USD
EQIX,106932355072.0,marketcap,USD
CME,92249309184.0,marketcap,USD
SCHW,177339645952.0,marketcap,USD
BX,161798963200.0,marketcap,USD
C,221735518208.0,marketcap,USD
PGR,124320759808.0,marketcap,USD
CB,139532664832.0,marketcap,USD
ELV,81907195904.0,marketcap,USD
CI,76600647680.0,marketcap,USD
AMGN,202951901184.0,marketcap,USD
GILD,160547405824.0,marketcap,USD
BMY,126792204288.0,marketcap,USD
PFE,139864358912.0,marketcap,USD
DHR,134621831168.0,marketcap,USD
VRTX,121156550656.0,marketcap,USD
REGN,68775452672.0,marketcap,USD
SYK,126604894208.0,marketcap,USD
MDT,106512556032.0,marketcap,USD
BSX,65771216896.0,marketcap,USD
ISRG,120918843392.0,marketcap,USD
MU,1040114647040.0,marketcap,USD
KLAC,274997051392.0,marketcap,USD
PANW,263888863232.0,marketcap,USD
ANET,219082899456.0,marketcap,USD
SNPS,71511785472.0,marketcap,USD
CDNS,89982205952.0,marketcap,USD
ADP,99969540096.0,marketcap,USD
TQQQ,38968848384.0,aum,USD
QLD,14575937536.0,aum,USD
SOXL,31595966464.0,aum,USD
SMH,77198270464.0,aum,USD
SOXX,47824830464.0,aum,USD
NOBL,11533949952.0,aum,USD
DGRO,41227829248.0,aum,USD
HDV,13659947008.0,aum,USD
DVY,22900787200.0,aum,USD
SPYD,7374172160.0,aum,USD
DGRW,16599785472.0,aum,USD
TSLY,819221888.0,aum,USD
NVDY,1372514944.0,aum,USD
CONY,311758880.0,aum,USD
MSTY,709911744.0,aum,USD
SMCI,19470878720.0,marketcap,USD
ARM,277711159296.0,marketcap,USD
DELL,282687307776.0,marketcap,USD
GOOG,3902449909760.0,marketcap,USD
GEV,270262009856.0,marketcap,USD
SNDK,212739833856.0,marketcap,USD
IBM,201795764224.0,marketcap,USD
APH,187819900928.0,marketcap,USD
WDC,179165773824.0,marketcap,USD
MRVL,174330052608.0,marketcap,USD
CRWD,186626555904.0,marketcap,USD
ADI,181128183808.0,marketcap,USD
VZ,193662418944.0,marketcap,USD
TMUS,193177419776.0,marketcap,USD
WELL,177939857408.0,marketcap,USD
DIS,164708106240.0,marketcap,USD
T,165348065280.0,marketcap,USD
IBKR,155611414528.0,marketcap,USD
SCCO,140569165824.0,marketcap,USD
CVS,137468411904.0,marketcap,USD
GLW,126212530176.0,marketcap,USD
APP,131681574912.0,marketcap,USD
PH,124515352576.0,marketcap,USD
COF,124442345472.0,marketcap,USD
MO,121885351936.0,marketcap,USD
VRT,111529828352.0,marketcap,USD
HWM,115735093248.0,marketcap,USD
FTNT,111633629184.0,marketcap,USD
SO,109630029824.0,marketcap,USD
GD,104588869632.0,marketcap,USD
NEM,98193588224.0,marketcap,USD
DUK,101752905728.0,marketcap,USD
PNC,100145012736.0,marketcap,USD
USB,99648102400.0,marketcap,USD
CEG,97970937856.0,marketcap,USD
PWR,93913645056.0,marketcap,USD
CSX,98607235072.0,marketcap,USD
UPS,97572216832.0,marketcap,USD
MCK,98450677760.0,marketcap,USD
MAR,98732933120.0,marketcap,USD
WM,95876210688.0,marketcap,USD
NET,93047398400.0,marketcap,USD
WMB,90501873664.0,marketcap,USD
SNOW,92909592576.0,marketcap,USD
CMI,91714437120.0,marketcap,USD
MNST,91433975808.0,marketcap,USD
HOOD,85466939392.0,marketcap,USD
FCX,89991241728.0,marketcap,USD
MPC,90278486016.0,marketcap,USD
VLO,89822158848.0,marketcap,USD
KKR,92647391232.0,marketcap,USD
MMM,89024004096.0,marketcap,USD
DDOG,87872331776.0,marketcap,USD
SPG,87311712256.0,marketcap,USD
EPD,83793059840.0,marketcap,USD
HCA,84784955392.0,marketcap,USD
PSX,82901336064.0,marketcap,USD
MCO,81654841344.0,marketcap,USD
ABNB,83743547392.0,marketcap,USD
CTAS,82394275840.0,marketcap,USD
EMR,82861187072.0,marketcap,USD
ICE,82446065664.0,marketcap,USD
ITW,81424850944.0,marketcap,USD
TRV,80772767744.0,marketcap,USD
CMCSA,79116853248.0,marketcap,USD
NSC,78761172992.0,marketcap,USD
EOG,77971488768.0,marketcap,USD
SHW,78309277696.0,marketcap,USD
RCL,78725955584.0,marketcap,USD
NOC,77032251392.0,marketcap,USD
FDX,74513604608.0,marketcap,USD
ROST,76631392256.0,marketcap,USD
ECL,75636326400.0,marketcap,USD
DASH,75340128256.0,marketcap,USD
AEP,73747988480.0,marketcap,USD
GM,74743873536.0,marketcap,USD
KMI,73107775488.0,marketcap,USD
HLT,73978888192.0,marketcap,USD
ORLY,72429699072.0,marketcap,USD
URI,71055400960.0,marketcap,USD
SLB,77791281152.0,marketcap,USD
ET,70062006272.0,marketcap,USD
PCAR,69596094464.0,marketcap,USD
MPWR,65530089472.0,marketcap,USD
APO,70686810112.0,marketcap,USD
TDG,69173616640.0,marketcap,USD
MSI,69357936640.0,marketcap,USD
DLR,74907631616.0,marketcap,USD
RSG,66735419392.0,marketcap,USD
CVNA,66314686464.0,marketcap,USD
APD,66329894912.0,marketcap,USD
ALL,66921717760.0,marketcap,USD
WBD,64608915456.0,marketcap,USD
LITE,59360620544.0,marketcap,USD
GWW,65276858368.0,marketcap,USD
FIX,61012885504.0,marketcap,USD
AFL,63928500224.0,marketcap,USD
HPE,63151263744.0,marketcap,USD
D,62533337088.0,marketcap,USD
TFC,63231356928.0,marketcap,USD
AJG,63662522368.0,marketcap,USD
BE,52590825472.0,marketcap,USD
TRGP,60385767424.0,marketcap,USD
COHR,55246594048.0,marketcap,USD
SRE,60781715456.0,marketcap,USD
TGT,62124257280.0,marketcap,USD
O,61171511296.0,marketcap,USD
MET,61017112576.0,marketcap,USD
CTVA,59692183552.0,marketcap,USD
COR,60292530176.0,marketcap,USD
PSA,60221767680.0,marketcap,USD
OKE,58693861376.0,marketcap,USD
TER,54777233408.0,marketcap,USD
MPLX,59514134528.0,marketcap,USD
FANG,57579204608.0,marketcap,USD
CIEN,55341531136.0,marketcap,USD
CARR,57210376192.0,marketcap,USD
OXY,56992567296.0,marketcap,USD
LNG,56520331264.0,marketcap,USD
VST,55088873472.0,marketcap,USD
F,57260036096.0,marketcap,USD
ALAB,49979121664.0,marketcap,USD
LHX,55927603200.0,marketcap,USD
BKR,56795930624.0,marketcap,USD
KEYS,54459228160.0,marketcap,USD
AME,55460253696.0,marketcap,USD
NUE,56379547648.0,marketcap,USD
ETR,54101700608.0,marketcap,USD
DAL,55937413120.0,marketcap,USD
FAST,53955338240.0,marketcap,USD
CAH,53405962240.0,marketcap,USD
EA,52422107136.0,marketcap,USD
DVN,51949277184.0,marketcap,USD
FITB,52046356480.0,marketcap,USD
ROK,51426369536.0,marketcap,USD
NDAQ,51476221952.0,marketcap,USD
STT,50929852416.0,marketcap,USD
XEL,50984095744.0,marketcap,USD
WAB,51095531520.0,marketcap,USD
PYPL,49530224640.0,marketcap,USD
EBAY,48569159680.0,marketcap,USD
EXC,48633081856.0,marketcap,USD
EW,47578353664.0,marketcap,USD
ODFL,48454533120.0,marketcap,USD
AZO,48280768512.0,marketcap,USD
VTR,48874643456.0,marketcap,USD
HEI,48853700608.0,marketcap,USD
HUM,46742343680.0,marketcap,USD
PCG,47839973376.0,marketcap,USD
AMP,46754762752.0,marketcap,USD
XYZ,45918216192.0,marketcap,USD
CRWV,39215595520.0,marketcap,USD
MCHP,42821640192.0,marketcap,USD
CRDO,39747764224.0,marketcap,USD
RKLB,39932166144.0,marketcap,USD
ADSK,44287717376.0,marketcap,USD
TTWO,43009679360.0,marketcap,USD
IDXX,42937593856.0,marketcap,USD
COIN,41703202816.0,marketcap,USD
WCN,42750119936.0,marketcap,USD
BDX,43083501568.0,marketcap,USD
ADM,41409703936.0,marketcap,USD
ED,41647542272.0,marketcap,USD
AIG,41918103552.0,marketcap,USD
CMG,40778113024.0,marketcap,USD
LYV,41246019584.0,marketcap,USD
PRU,41665122304.0,marketcap,USD
YUM,41045512192.0,marketcap,USD
KDP,40381407232.0,marketcap,USD
MSCI,40042430464.0,marketcap,USD
RVMD,40229629952.0,marketcap,USD
ARES,41728897024.0,marketcap,USD
DHI,41048956928.0,marketcap,USD
PEG,39771029504.0,marketcap,USD
CBRE,40836202496.0,marketcap,USD
AXON,40489648128.0,marketcap,USD
A,39136595968.0,marketcap,USD
PAYX,40387788800.0,marketcap,USD
SYY,39741755392.0,marketcap,USD
HIG,38523604992.0,marketcap,USD
NTRA,37520994304.0,marketcap,USD
VG,35551166464.0,marketcap,USD
WAT,36788277248.0,marketcap,USD
UAL,38386860032.0,marketcap,USD
WEC,37709258752.0,marketcap,USD
IRM,38175391744.0,marketcap,USD
KVUE,37017767936.0,marketcap,USD
RKT,36924059648.0,marketcap,USD
ALNY,36284710912.0,marketcap,USD
VMC,36292444160.0,marketcap,USD
MTB,36175273984.0,marketcap,USD
KMB,36413853696.0,marketcap,USD
HBAN,35074404352.0,marketcap,USD
ROP,36329926656.0,marketcap,USD
ON,33785200640.0,marketcap,USD
HSY,35355602944.0,marketcap,USD
STLD,35636420608.0,marketcap,USD
CCL,36062863360.0,marketcap,USD
IQV,34723545088.0,marketcap,USD
TKO,34521227264.0,marketcap,USD
EME,33170081792.0,marketcap,USD
MSTR,33488848896.0,marketcap,USD
KR,34841251840.0,marketcap,USD
RBLX,34044788736.0,marketcap,USD
JBL,32755394560.0,marketcap,USD
EQT,33171113984.0,marketcap,USD
MLM,33601683456.0,marketcap,USD
CCI,32731299840.0,marketcap,USD
RDDT,32482050048.0,marketcap,USD
CASY,31884541952.0,marketcap,USD
NTAP,32863608832.0,marketcap,USD
EXR,32598700032.0,marketcap,USD
UI,31816460288.0,marketcap,USD
RJF,32522530816.0,marketcap,USD
CQP,31773310976.0,marketcap,USD
WDAY,33425389568.0,marketcap,USD
CNC,31311667200.0,marketcap,USD
AEE,31488798720.0,marketcap,USD
ZTS,31588839424.0,marketcap,USD
GFS,29371957248.0,marketcap,USD
EXPE,31198539776.0,marketcap,USD
DTE,31091914752.0,marketcap,USD
EIX,30687318016.0,marketcap,USD
LVS,30534328320.0,marketcap,USD
CFG,30382069760.0,marketcap,USD
TDY,30361798656.0,marketcap,USD
NRG,29755420672.0,marketcap,USD
KHC,30438912000.0,marketcap,USD
CRS,29994706944.0,marketcap,USD
CBOE,29833654272.0,marketcap,USD
ILMN,29365817344.0,marketcap,USD
ATO,29915371520.0,marketcap,USD
BIIB,29850748928.0,marketcap,USD
TPL,28930635776.0,marketcap,USD
VEEV,30253441024.0,marketcap,USD
VICI,29431873536.0,marketcap,USD
CNP,29149792256.0,marketcap,USD
EL,29048514560.0,marketcap,USD
FE,28875282432.0,marketcap,USD
MTZ,26695630848.0,marketcap,USD
GEHC,27557345280.0,marketcap,USD
TPR,28811577344.0,marketcap,USD
TWLO,29058623488.0,marketcap,USD
ES,28172156928.0,marketcap,USD
CPNG,27823495168.0,marketcap,USD
FICO,28695732224.0,marketcap,USD
RMD,28325160960.0,marketcap,USD
XYL,28463794176.0,marketcap,USD
CINF,28278282240.0,marketcap,USD
CW,27712892928.0,marketcap,USD
HAL,27868870656.0,marketcap,USD
AVB,27111135232.0,marketcap,USD
ATI,26993852416.0,marketcap,USD
PPL,27250130944.0,marketcap,USD
WRB,28000034816.0,marketcap,USD
DXCM,27605354496.0,marketcap,USD
JBHT,27071369216.0,marketcap,USD
OTIS,27381547008.0,marketcap,USD
MTD,26819123200.0,marketcap,USD
FISV,27206619136.0,marketcap,USD
DOV,27232339968.0,marketcap,USD
ECHO,25468809216.0,marketcap,USD
EQR,26219474944.0,marketcap,USD
UTHR,26318925824.0,marketcap,USD
AWK,26296475648.0,marketcap,USD
CPRT,26914838528.0,marketcap,USD
RF,26335293440.0,marketcap,USD
LPLA,26290368512.0,marketcap,USD
HUBB,25685858304.0,marketcap,USD
WSM,26697867264.0,marketcap,USD
DG,25859373056.0,marketcap,USD
PPG,25856399360.0,marketcap,USD
VRSK,26379937792.0,marketcap,USD
FCNCA,24610680832.0,marketcap,USD
XPO,25009500160.0,marketcap,USD
DGX,25149673472.0,marketcap,USD
WST,23097325568.0,marketcap,USD
ZM,25801502720.0,marketcap,USD
TROW,24962060288.0,marketcap,USD
MKL,24961097728.0,marketcap,USD
WWD,24965218304.0,marketcap,USD
SYM,24235896832.0,marketcap,USD
KEY,24281591808.0,marketcap,USD
CHRW,21983911936.0,marketcap,USD
FWONK,24321284096.0,marketcap,USD
MDB,23986409472.0,marketcap,USD
OKTA,24285483008.0,marketcap,USD
LH,24335138816.0,marketcap,USD
AFRM,23519926272.0,marketcap,USD
CPAY,24221818880.0,marketcap,USD
RIVN,22926317568.0,marketcap,USD
VRSN,25312000000.0,marketcap,USD
L,24260151296.0,marketcap,USD
PHM,24525117440.0,marketcap,USD
BG,23579021312.0,marketcap,USD
SYF,23719534592.0,marketcap,USD
MKSI,22234175488.0,marketcap,USD
INCY,23508367360.0,marketcap,USD
INSM,23175172096.0,marketcap,USD
PFG,23631755264.0,marketcap,USD
EXPD,22927685632.0,marketcap,USD
ASTS,21812600832.0,marketcap,USD
IBIT,43234205696.0,aum,USD
QQQM,101307228160.0,aum,USD
IWM,82970353664.0,aum,USD
IWD,79741509632.0,aum,USD
IWB,48330235904.0,aum,USD
IWR,56977440768.0,aum,USD
IWY,16964288512.0,aum,USD
IVW,74972356608.0,aum,USD
IVE,47735062528.0,aum,USD
IUSG,32221673472.0,aum,USD
IUSV,26456442880.0,aum,USD
IXUS,58515161088.0,aum,USD
IUSB,42765500416.0,aum,USD
OEF,20043581440.0,aum,USD
EEM,30315917312.0,aum,USD
INDA,6871878656.0,aum,USD
MCHI,5885857792.0,aum,USD
FXI,4523697152.0,aum,USD
IYW,25393864704.0,aum,USD
GOVT,43729891328.0,aum,USD
SHY,25358272512.0,aum,USD
IEI,18260961280.0,aum,USD
SHV,20945842176.0,aum,USD
TIP,14696782848.0,aum,USD
STIP,15883689984.0,aum,USD
MBB,39630225408.0,aum,USD
MUB,45820870656.0,aum,USD
USHY,28476405760.0,aum,USD
IGSB,22337937408.0,aum,USD
IGIB,18526003200.0,aum,USD
USIG,17618763776.0,aum,USD
EMB,14615079936.0,aum,USD
FLOT,9968492544.0,aum,USD
PFF,13096669184.0,aum,USD
USMV,23007752192.0,aum,USD
QUAL,45917487104.0,aum,USD
MTUM,29047369728.0,aum,USD
VLUE,10583302144.0,aum,USD
DYNF,38004244480.0,aum,USD
FBTC,10223253504.0,aum,USD
GBTC,8134695424.0,aum,USD
VEU,94563958784.0,aum,USD
VB,188574482432.0,aum,USD
VBR,67781795840.0,aum,USD
VOE,37230292992.0,aum,USD
VV,73819176960.0,aum,USD
VXF,97684774912.0,aum,USD
MGK,33301635072.0,aum,USD
VHT,20388290560.0,aum,USD
VCIT,69441978368.0,aum,USD
VCSH,51786543104.0,aum,USD
VGSH,33827600384.0,aum,USD
VGIT,50384760832.0,aum,USD
VGLT,15153465344.0,aum,USD
VMBS,17337255936.0,aum,USD
VTIP,71082704896.0,aum,USD
BSV,69833809920.0,aum,USD
VTEB,48785248256.0,aum,USD
SCHX,71641505792.0,aum,USD
SCHG,59069509632.0,aum,USD
SCHB,43229065216.0,aum,USD
SCHF,66217533440.0,aum,USD
SCHA,24157184000.0,aum,USD
SCHM,15320031232.0,aum,USD
SCHP,16518061056.0,aum,USD
SCHZ,10601679872.0,aum,USD
FNDX,25939793920.0,aum,USD
FNDF,23990886400.0,aum,USD
SCHH,11128644608.0,aum,USD
SPLV,7055530496.0,aum,USD
BKLN,7145859584.0,aum,USD
DIA,44062826496.0,aum,USD
MDY,28052918272.0,aum,USD
SPYG,52988604416.0,aum,USD
SPYV,35300089856.0,aum,USD
SPDW,40294080512.0,aum,USD
SPEM,17305092096.0,aum,USD
SPAB,9625304064.0,aum,USD
SPTL,10471982080.0,aum,USD
JNK,7345531392.0,aum,USD
BIL,47077847040.0,aum,USD
GLDM,27261255680.0,aum,USD
SDY,21393180672.0,aum,USD
433330.KS,285600000000.0,aum,KRW
436140.KS,1336000000000.0,aum,KRW
0043B0.KS,2985500000000.0,aum,KRW
481050.KS,2677100000000.0,aum,KRW
451540.KS,1080500000000.0,aum,KRW
371460.KS,796500000000.0,aum,KRW
385540.KS,2092900000000.0,aum,KRW
0195S0.KS,1968900000000.0,aum,KRW
489250.KS,582100000000.0,aum,KRW
449190.KS,568300000000.0,aum,KRW
446770.KS,1670600000000.0,aum,KRW
069660.KS,791500000000.0,aum,KRW
469150.KS,1025300000000.0,aum,KRW
456600.KS,2262600000000.0,aum,KRW
497570.KS,1206700000000.0,aum,KRW
232080.KS,1160300000000.0,aum,KRW
0025N0.KS,753100000000.0,aum,KRW
481060.KS,777800000000.0,aum,KRW
133690.KS,11138700000000.0,aum,KRW
148020.KS,4313900000000.0,aum,KRW
486290.KS,2180200000000.0,aum,KRW
295040.KS,890000000000.0,aum,KRW
091230.KS,1304200000000.0,aum,KRW
466920.KS,1561400000000.0,aum,KRW
423920.KS,777900000000.0,aum,KRW
426030.KS,2518300000000.0,aum,KRW
102970.KS,734300000000.0,aum,KRW
132030.KS,322400000000.0,aum,KRW
289480.KS,27500000000.0,aum,KRW
477080.KS,1548400000000.0,aum,KRW
0183J0.KS,1075300000000.0,aum,KRW
441680.KS,303600000000.0,aum,KRW
276970.KS,36200000000.0,aum,KRW
439870.KS,423400000000.0,aum,KRW
457480.KS,744800000000.0,aum,KRW
456610.KS,719000000000.0,aum,KRW
139260.KS,2589400000000.0,aum,KRW
458760.KS,711400000000.0,aum,KRW
368590.KS,1529100000000.0,aum,KRW
292150.KS,2004400000000.0,aum,KRW
367380.KS,3470100000000.0,aum,KRW
472150.KS,2169500000000.0,aum,KRW
0193W0.KS,2040400000000.0,aum,KRW
114800.KS,819900000000.0,aum,KRW
455850.KS,911200000000.0,aum,KRW
0061Z0.KS,756100000000.0,aum,KRW
490590.KS,749900000000.0,aum,KRW
0195R0.KS,1083900000000.0,aum,KRW
294400.KS,1782800000000.0,aum,KRW
273130.KS,3653000000000.0,aum,KRW
411060.KS,3872400000000.0,aum,KRW
455890.KS,2783800000000.0,aum,KRW
105190.KS,1763700000000.0,aum,KRW
402970.KS,941800000000.0,aum,KRW
390390.KS,1367900000000.0,aum,KRW
487230.KS,1694900000000.0,aum,KRW
252670.KS,880700000000.0,aum,KRW
360200.KS,4018100000000.0,aum,KRW
446720.KS,1024900000000.0,aum,KRW
305540.KS,813800000000.0,aum,KRW
487240.KS,2979200000000.0,aum,KRW
379780.KS,1519400000000.0,aum,KRW
0177N0.KS,1438000000000.0,aum,KRW
385560.KS,806700000000.0,aum,KRW
458730.KS,4111100000000.0,aum,KRW
448330.KS,1241700000000.0,aum,KRW
237350.KS,942100000000.0,aum,KRW
494890.KS,1075400000000.0,aum,KRW
069500.KS,24022500000000.0,aum,KRW
214980.KS,1891500000000.0,aum,KRW
0072R0.KS,1165200000000.0,aum,KRW
459580.KS,6806000000000.0,aum,KRW
488770.KS,7647500000000.0,aum,KRW
441800.KS,786700000000.0,aum,KRW
449180.KS,935100000000.0,aum,KRW
494310.KS,906500000000.0,aum,KRW
0139F0.KS,976200000000.0,aum,KRW
423160.KS,3540200000000.0,aum,KRW
152100.KS,1436100000000.0,aum,KRW
379800.KS,9885600000000.0,aum,KRW
102780.KS,3295700000000.0,aum,KRW
465580.KS,1008100000000.0,aum,KRW
442580.KS,1782300000000.0,aum,KRW
272580.KS,745800000000.0,aum,KRW
360750.KS,19774800000000.0,aum,KRW
498410.KS,791600000000.0,aum,KRW
469830.KS,1033400000000.0,aum,KRW
379810.KS,8798900000000.0,aum,KRW
449450.KS,1104100000000.0,aum,KRW
226490.KS,1034000000000.0,aum,KRW
0117V0.KS,951400000000.0,aum,KRW
0177R0.KS,727100000000.0,aum,KRW
0193T0.KS,3361800000000.0,aum,KRW
278540.KS,2282200000000.0,aum,KRW
329200.KS,1486100000000.0,aum,KRW
233740.KS,2677800000000.0,aum,KRW
381180.KS,6294200000000.0,aum,KRW
0048J0.KS,786700000000.0,aum,KRW
278530.KS,7425700000000.0,aum,KRW
479080.KS,1096900000000.0,aum,KRW
491010.KS,716500000000.0,aum,KRW
495050.KS,952900000000.0,aum,KRW
438100.KS,925000000000.0,aum,KRW
157450.KS,1306600000000.0,aum,KRW
315930.KS,1386900000000.0,aum,KRW
161510.KS,2378600000000.0,aum,KRW
091160.KS,5301100000000.0,aum,KRW
395270.KS,3492100000000.0,aum,KRW
091180.KS,408400000000.0,aum,KRW
466940.KS,786700000000.0,aum,KRW
0162Z0.KS,4031300000000.0,aum,KRW
438080.KS,1226800000000.0,aum,KRW
475630.KS,1506200000000.0,aum,KRW
395160.KS,3824900000000.0,aum,KRW
498400.KS,5497700000000.0,aum,KRW
479520.KS,1009300000000.0,aum,KRW
475720.KS,816200000000.0,aum,KRW
495850.KS,696500000000.0,aum,KRW
445290.KS,996600000000.0,aum,KRW
396500.KS,8955300000000.0,aum,KRW
284430.KS,2066800000000.0,aum,KRW
381170.KS,3771100000000.0,aum,KRW
453850.KS,1536300000000.0,aum,KRW
494300.KS,918700000000.0,aum,KRW
144600.KS,714800000000.0,aum,KRW
356540.KS,1044100000000.0,aum,KRW
0117L0.KS,976000000000.0,aum,KRW
449170.KS,2460200000000.0,aum,KRW
472830.KS,47700000000.0,aum,KRW
487340.KS,692800000000.0,aum,KRW
305720.KS,1488100000000.0,aum,KRW
357870.KS,3588600000000.0,aum,KRW
229200.KS,4000700000000.0,aum,KRW
153130.KS,845300000000.0,aum,KRW
0167A0.KS,5508700000000.0,aum,KRW
102110.KS,9844300000000.0,aum,KRW
476550.KS,804300000000.0,aum,KRW
441640.KS,1666700000000.0,aum,KRW
122630.KS,5612800000000.0,aum,KRW
429000.KS,183100000000.0,aum,KRW
