Date,Steady
2000-01-31,1000.00
2000-02-29,1846.57
2000-03-31,2788.35
2000-04-28,3806.91
2000-05-31,5300.40
2000-06-30,6719.20
2000-07-31,8172.50
2000-08-31,8016.61
2000-09-29,9417.95
2000-10-31,11314.90
2000-11-30,12763.74
2000-12-29,13419.81
2001-01-31,13772.90
2001-02-28,13592.71
2001-03-30,12611.62
2001-04-30,13899.26
2001-05-31,15263.37
2001-06-29,15538.67
2001-07-31,16400.54
2001-08-31,18897.19
2001-09-28,19356.41
2001-10-31,20781.96
2001-11-30,21449.03
2001-12-31,22535.82
2002-01-31,21910.75
2002-02-28,24733.73
2002-03-28,28371.72
2002-04-30,31136.13
2002-05-31,32164.17
2002-06-28,33519.58
2002-07-31,30892.28
2002-08-30,32547.98
2002-09-30,31709.22
2002-10-31,31730.70
2002-11-29,32274.93
2002-12-31,32002.03
2003-01-31,30534.72
2003-02-28,31353.60
2003-03-31,32710.64
2003-04-30,33645.99
2003-05-30,38951.68
2003-06-30,40827.45
2003-07-31,40560.66
2003-08-29,40252.83
2003-09-30,40901.14
2003-10-31,45176.28
2003-11-28,46454.11
2003-12-31,51699.92
2004-01-30,51161.66
2004-02-27,52909.76
2004-03-31,54503.67
2004-04-30,55796.24
2004-05-28,57656.85
2004-06-30,57913.31
2004-07-30,51318.50
2004-08-31,53313.04
2004-09-30,48992.36
2004-10-29,50738.57
2004-11-30,50315.20
2004-12-31,54297.51
2005-01-31,55101.91
2005-02-28,57841.69
2005-03-31,57628.59
2005-04-29,61076.45
2005-05-31,63749.59
2005-06-30,60959.87
2005-07-29,64894.70
2005-08-31,66250.62
2005-09-30,66383.83
2005-10-31,66753.65
2005-11-30,67979.75
2005-12-30,65189.83
2006-01-31,67920.25
2006-02-28,69888.66
2006-03-31,71152.48
2006-04-28,72305.43
2006-05-31,76872.45
2006-06-30,76568.14
2006-07-31,80202.28
2006-08-31,81761.00
2006-09-29,83003.07
2006-10-31,87792.83
2006-11-30,89494.36
2006-12-29,93208.04
2007-01-31,93493.29
2007-02-28,92150.09
2007-03-30,96335.05
2007-04-30,105744.29
2007-05-31,108365.21
2007-06-29,108573.71
2007-07-31,109158.59
2007-08-31,113656.86
2007-09-28,123080.82
2007-10-31,133268.50
2007-11-30,135614.09
2007-12-31,135019.91
2008-01-31,130805.69
2008-02-29,130608.48
2008-03-31,137731.40
2008-04-30,134205.97
2008-05-30,131535.66
2008-06-30,121078.43
2008-07-31,120960.36
2008-08-29,123299.14
2008-09-30,126960.58
2008-10-31,106784.48
2008-11-28,115399.55
2008-12-31,112460.16
2009-01-30,107125.44
2009-02-27,103436.18
2009-03-31,113261.19
2009-04-30,111941.85
2009-05-29,128829.53
2009-06-30,127661.36
2009-07-31,133582.66
2009-08-31,131714.81
2009-09-30,147006.04
2009-10-30,146938.40
2009-11-30,159616.79
2009-12-31,160058.69
2010-01-29,153336.56
2010-02-26,150012.05
2010-03-31,158586.52
2010-04-30,155117.27
2010-05-28,150167.97
2010-06-30,148483.67
2010-07-30,164266.87
2010-08-31,167562.02
2010-09-30,177603.95
2010-10-29,187101.75
2010-11-30,194878.38
2010-12-31,203899.33
2011-01-31,195846.79
2011-02-28,200181.01
2011-03-31,210034.47
2011-04-29,214580.43
2011-05-31,213512.87
2011-06-30,217359.94
2011-07-29,220685.69
2011-08-31,229603.23
2011-09-30,222451.45
2011-10-31,225953.87
2011-11-30,224684.65
2011-12-30,234841.80
2012-01-31,227652.36
2012-02-29,236507.10
2012-03-30,253095.56
2012-04-30,261995.17
2012-05-31,257536.96
2012-06-29,272017.50
2012-07-31,282097.51
2012-08-31,262149.68
2012-09-28,268392.05
2012-10-31,264085.06
2012-11-30,271888.17
2012-12-31,260914.21
2013-01-31,269039.88
2013-02-28,280732.11
2013-03-28,296002.42
2013-04-30,310836.38
2013-05-31,294653.37
2013-06-28,298270.81
2013-07-31,299047.73
2013-08-30,285871.30
2013-09-30,286372.86
2013-10-31,300149.26
2013-11-29,307648.92
2013-12-31,317222.38
2014-01-31,291422.42
2014-02-28,295350.52
2014-03-31,301911.95
2014-04-30,319546.01
2014-05-30,321486.08
2014-06-30,336005.74
2014-07-31,312654.05
2014-08-29,332991.02
2014-09-30,343588.02
2014-10-31,338305.83
2014-11-28,365245.66
2014-12-31,344981.07
2015-01-30,337401.46
2015-02-27,355857.51
2015-03-31,336550.14
2015-04-30,337633.16
2015-05-29,341962.85
2015-06-30,330799.83
2015-07-31,347399.63
2015-08-31,333515.90
2015-09-30,343793.18
2015-10-30,363902.31
2015-11-30,369591.81
2015-12-31,373540.22
2016-01-29,374192.41
2016-02-29,377023.30
2016-03-31,409177.27
2016-04-29,396152.87
2016-05-31,395384.32
2016-06-30,405493.07
2016-07-29,391285.96
2016-08-31,390492.29
2016-09-30,384176.79
2016-10-31,385903.04
2016-11-30,370887.51
2016-12-30,382090.38
2017-01-31,384104.13
2017-02-28,388707.70
2017-03-31,397082.34
2017-04-28,404725.36
2017-05-31,427485.78
2017-06-30,425587.92
2017-07-31,435982.19
2017-08-31,434224.00
2017-09-29,432989.03
2017-10-31,443320.29
2017-11-30,445313.57
2017-12-29,447383.81
2018-01-31,465058.31
2018-02-28,423353.86
2018-03-29,429616.90
2018-04-30,428440.62
2018-05-31,427358.41
2018-06-29,440205.79
2018-07-31,469007.20
2018-08-31,449287.60
2018-09-28,469970.07
2018-10-31,488165.36
2018-11-30,518319.74
2018-12-31,487953.13
2019-01-31,496991.25
2019-02-28,469181.65
2019-03-29,489501.40
2019-04-30,513482.69
2019-05-31,515215.34
2019-06-28,538520.79
2019-07-31,557605.47
2019-08-30,584138.99
2019-09-30,582374.53
2019-10-31,583267.56
2019-11-29,576856.46
2019-12-31,598921.39
2020-01-31,632924.33
2020-02-28,580711.01
2020-03-31,484835.29
2020-04-30,503804.31
2020-05-29,513477.36
2020-06-30,496215.93
2020-07-31,525647.30
2020-08-31,552128.48
2020-09-30,555109.30
2020-10-30,541379.87
2020-11-30,586164.02
2020-12-31,623969.69
2021-01-29,548850.87
2021-02-26,559425.84
2021-03-31,607151.97
2021-04-30,622780.76
2021-05-28,638894.57
2021-06-30,630258.68
2021-07-30,665270.03
2021-08-31,657871.06
2021-09-30,617919.44
2021-10-29,664848.25
2021-11-30,623805.14
2021-12-31,705204.02
2022-01-31,727642.40
2022-02-28,743312.18
2022-03-31,746154.21
2022-04-29,778564.91
2022-05-31,764743.13
2022-06-30,764842.61
2022-07-29,781161.32
2022-08-31,752214.99
2022-09-30,688126.55
2022-10-31,736172.66
2022-11-30,788000.47
2022-12-30,789000.47
2023-01-31,761595.94
2023-02-28,740115.67
2023-03-31,777435.27
2023-04-28,805005.72
2023-05-31,749661.57
2023-06-30,762507.65
2023-07-31,785159.72
2023-08-31,759535.56
2023-09-29,716390.96
2023-10-31,723917.59
2023-11-30,754893.81
2023-12-29,762223.36
2024-01-31,770466.64
2024-02-29,778330.75
2024-03-28,799754.11
2024-04-30,808466.68
2024-05-31,824649.15
2024-06-28,840555.58
2024-07-31,882361.75
2024-08-30,959117.46
2024-09-30,957508.84
2024-10-31,871232.39
2024-11-29,861297.82
2024-12-31,837835.19
2025-01-31,855252.80
2025-02-28,960397.47
2025-03-31,972953.13
2025-04-30,986587.12
2025-05-30,981467.63
2025-06-30,969941.62
2025-07-31,931732.66
2025-08-29,947829.21
2025-09-30,918084.58
2025-10-31,954800.20
2025-11-28,1014279.99
2025-12-31,976567.96
2026-01-30,1046015.63
2026-02-27,1141396.14
2026-03-31,1071456.41
2026-04-30,1110637.15
2026-05-29,1115162.54
2026-06-30,1154417.23
2026-07-15,1178144.86
2026-07-15,1178144.86
